{
  "drizzle-version": "2.0.1",
  "drizzle-neon": {
    "state": {
      "database": {
        "id": "br-summer-recipe-aclqaq52-Yauli",
        "name": "Yauli"
      }
    },
    "version": 0
  },
  "drizzle-global": {
    "state": {
      "showCounts": false,
      "flatSchemas": false,
      "dataFormats": null,
      "expandSubviews": false,
      "paginationType": "limit-offset",
      "rightPanelWidth": 268
    },
    "version": 0
  },
  "drizzle-db-br-summer-recipe-aclqaq52-Yauli": {
    "state": {
      "currentPage": "main",
      "filterViews": {},
      "isSidebarOpen": true,
      "isShowSidebarContent": true,
      "filtersVisible": false,
      "sidebarWidth": 268,
      "currentSchemaName": "public",
      "currentTable": {
        "id": "public.clientes_facturacion",
        "type": "table",
        "name": "clientes_facturacion",
        "schema": "public",
        "createdRecords": [],
        "editedFields": [],
        "filters": [],
        "pagination": {
          "limit": 50,
          "offset": 0
        },
        "records": [],
        "sort": null,
        "columnSettings": {},
        "historyId": "c8X7zQN3dbVz0eucTSHMg",
        "executionTime": 128.29999999701977
      }
    },
    "version": 1
  }
}